GrArchaicKoppa,GrSmArchaicKoppa.sc
GrCapAlpha,GrSmAlpha.sc
GrCapAlphaWDasia,GrSmAlpha.sc
GrCapAlphaWDasiaOxia,GrSmAlpha.sc
GrCapAlphaWDasiaOxiaPros,GrSmAlphaWYpo.sc
GrCapAlphaWDasiaPeris,GrSmAlpha.sc
GrCapAlphaWDasiaPerisPros,GrSmAlphaWYpo.sc
GrCapAlphaWDasiaPros,GrSmAlphaWYpo.sc
GrCapAlphaWDasiaVaria,GrSmAlpha.sc
GrCapAlphaWDasiaVariaPros,GrSmAlphaWYpo.sc
GrCapAlphaWMacron,GrSmAlpha.sc
GrCapAlphaWMacronDasia,GrSmAlpha.sc
GrCapAlphaWMacronDasiaOxia,GrSmAlpha.sc
GrCapAlphaWMacronDasiaVaria,GrSmAlpha.sc
GrCapAlphaWMacronDial,GrSmAlpha.sc
GrCapAlphaWMacronOxia,GrSmAlpha.sc
GrCapAlphaWMacronPsili,GrSmAlpha.sc
GrCapAlphaWMacronPsiliOxia,GrSmAlpha.sc
GrCapAlphaWMacronPsiliVaria,GrSmAlpha.sc
GrCapAlphaWMacronVaria,GrSmAlpha.sc
GrCapAlphaWOxia,GrSmAlpha.sc
GrCapAlphaWPros,GrSmAlphaWYpo.sc
GrCapAlphaWPsili,GrSmAlpha.sc
GrCapAlphaWPsiliOxia,GrSmAlpha.sc
GrCapAlphaWPsiliOxiaPros,GrSmAlphaWYpo.sc
GrCapAlphaWPsiliPeris,GrSmAlpha.sc
GrCapAlphaWPsiliPerisPros,GrSmAlphaWYpo.sc
GrCapAlphaWPsiliPros,GrSmAlphaWYpo.sc
GrCapAlphaWPsiliVaria,GrSmAlpha.sc
GrCapAlphaWPsiliVariaPros,GrSmAlphaWYpo.sc
GrCapAlphaWTonos,GrSmAlpha.sc
GrCapAlphaWVaria,GrSmAlpha.sc
GrCapAlphaWVrachy,GrSmAlpha.sc
GrCapArchaicSampi,GrSmArchaicSampi.sc
GrCapBeta,GrSmBeta.sc
GrCapChi,GrSmChi.sc
GrCapDelta,GrSmDelta.sc
GrCapDottedLunateSigma,GrDottedLunateSigma.sc
GrCapEpsilon,GrSmEpsilon.sc
GrCapEpsilonWDasia,GrSmEpsilon.sc
GrCapEpsilonWDasiaOxia,GrSmEpsilon.sc
GrCapEpsilonWDasiaVaria,GrSmEpsilon.sc
GrCapEpsilonWOxia,GrSmEpsilon.sc
GrCapEpsilonWPsili,GrSmEpsilon.sc
GrCapEpsilonWPsiliOxia,GrSmEpsilon.sc
GrCapEpsilonWPsiliVaria,GrSmEpsilon.sc
GrCapEpsilonWTonos,GrSmEpsilon.sc
GrCapEpsilonWVaria,GrSmEpsilon.sc
GrCapEta,GrSmEta.sc
GrCapEtaWDasia,GrSmEta.sc
GrCapEtaWDasiaOxia,GrSmEta.sc
GrCapEtaWDasiaOxiaPros,GrSmEtaWYpo.sc
GrCapEtaWDasiaPeris,GrSmEta.sc
GrCapEtaWDasiaPerisPros,GrSmEtaWYpo.sc
GrCapEtaWDasiaPros,GrSmEtaWYpo.sc
GrCapEtaWDasiaVaria,GrSmEta.sc
GrCapEtaWDasiaVariaPros,GrSmEtaWYpo.sc
GrCapEtaWOxia,GrSmEta.sc
GrCapEtaWPros,GrSmEtaWYpo.sc
GrCapEtaWPsili,GrSmEta.sc
GrCapEtaWPsiliOxia,GrSmEta.sc
GrCapEtaWPsiliOxiaPros,GrSmEtaWYpo.sc
GrCapEtaWPsiliPeris,GrSmEta.sc
GrCapEtaWPsiliPerisPros,GrSmEtaWYpo.sc
GrCapEtaWPsiliPros,GrSmEtaWYpo.sc
GrCapEtaWPsiliVaria,GrSmEta.sc
GrCapEtaWPsiliVariaPros,GrSmEtaWYpo.sc
GrCapEtaWTonos,GrSmEta.sc
GrCapEtaWVaria,GrSmEta.sc
GrCapGamma,GrSmGamma.sc
GrCapHeta,GrSmHeta.sc
GrCapIota,GrSmIota.sc
GrCapIotaWDasia,GrSmIota.sc
GrCapIotaWDasiaOxia,GrSmIota.sc
GrCapIotaWDasiaPeris,GrSmIota.sc
GrCapIotaWDasiaVaria,GrSmIota.sc
GrCapIotaWDial,GrSmIota.sc
GrCapIotaWMacron,GrSmIota.sc
GrCapIotaWMacronDasia,GrSmIota.sc
GrCapIotaWMacronDasiaOxia,GrSmIota.sc
GrCapIotaWMacronDasiaVaria,GrSmIota.sc
GrCapIotaWMacronDial,GrSmIota.sc
GrCapIotaWMacronOxia,GrSmIota.sc
GrCapIotaWMacronPsili,GrSmIota.sc
GrCapIotaWMacronPsiliOxia,GrSmIota.sc
GrCapIotaWMacronPsiliVaria,GrSmIota.sc
GrCapIotaWMacronVaria,GrSmIota.sc
GrCapIotaWOxia,GrSmIota.sc
GrCapIotaWPsili,GrSmIota.sc
GrCapIotaWPsiliOxia,GrSmIota.sc
GrCapIotaWPsiliPeris,GrSmIota.sc
GrCapIotaWPsiliVaria,GrSmIota.sc
GrCapIotaWTonos,GrSmIota.sc
GrCapIotaWVaria,GrSmIota.sc
GrCapIotaWVrachy,GrSmIota.sc
GrCapKaiSym,GrKaiSym.sc
GrCapKappa,GrSmKappa.sc
GrCapLamda,GrSmLamda.sc
GrCapLunateSigma,GrLunateSigma.sc
GrCapMu,GrSmMu.sc
GrCapNu,GrSmNu.sc
GrCapOmega,GrSmOmega.sc
GrCapOmegaWDasia,GrSmOmega.sc
GrCapOmegaWDasiaOxia,GrSmOmega.sc
GrCapOmegaWDasiaOxiaPros,GrSmOmegaWYpo.sc
GrCapOmegaWDasiaPeris,GrSmOmega.sc
GrCapOmegaWDasiaPerisPros,GrSmOmegaWYpo.sc
GrCapOmegaWDasiaPros,GrSmOmegaWYpo.sc
GrCapOmegaWDasiaVaria,GrSmOmega.sc
GrCapOmegaWDasiaVariaPros,GrSmOmegaWYpo.sc
GrCapOmegaWOxia,GrSmOmega.sc
GrCapOmegaWPros,GrSmOmegaWYpo.sc
GrCapOmegaWPsili,GrSmOmega.sc
GrCapOmegaWPsiliOxia,GrSmOmega.sc
GrCapOmegaWPsiliOxiaPros,GrSmOmegaWYpo.sc
GrCapOmegaWPsiliPeris,GrSmOmega.sc
GrCapOmegaWPsiliPerisPros,GrSmOmegaWYpo.sc
GrCapOmegaWPsiliPros,GrSmOmegaWYpo.sc
GrCapOmegaWPsiliVaria,GrSmOmega.sc
GrCapOmegaWPsiliVariaPros,GrSmOmegaWYpo.sc
GrCapOmegaWTonos,GrSmOmega.sc
GrCapOmegaWVaria,GrSmOmega.sc
GrCapOmicron,GrSmOmicron.sc
GrCapOmicronWDasia,GrSmOmicron.sc
GrCapOmicronWDasiaOxia,GrSmOmicron.sc
GrCapOmicronWDasiaVaria,GrSmOmicron.sc
GrCapOmicronWOxia,GrSmOmicron.sc
GrCapOmicronWPsili,GrSmOmicron.sc
GrCapOmicronWPsiliOxia,GrSmOmicron.sc
GrCapOmicronWPsiliVaria,GrSmOmicron.sc
GrCapOmicronWTonos,GrSmOmicron.sc
GrCapOmicronWVaria,GrSmOmicron.sc
GrCapPamphylianDigamma,GrSmPamphylianDigamma.sc
GrCapPhi,GrSmPhi.sc
GrCapPi,GrSmPi.sc
GrCapPsi,GrSmPsi.sc
GrCapRevDottedLunateSigma,GrRevDottedLunateSigma.sc
GrCapRevLunateSigma,GrRevLunateSigma.sc
GrCapRho,GrSmRho.sc
GrCapRhoWDasia,GrSmRho.sc
GrCapSan,GrSmSan.sc
GrCapSho,GrSmSho.sc
GrCapSigma,GrSmSigma.sc
GrCapTau,GrSmTau.sc
GrCapTheta,GrSmTheta.sc
GrCapThetaSym,GrThetaSym.sc
GrCapUpsilon,GrSmUpsilon.sc
GrCapUpsilonWDasia,GrSmUpsilon.sc
GrCapUpsilonWDasiaOxia,GrSmUpsilon.sc
GrCapUpsilonWDasiaPeris,GrSmUpsilon.sc
GrCapUpsilonWDasiaVaria,GrSmUpsilon.sc
GrCapUpsilonWDial,GrSmUpsilon.sc
GrCapUpsilonWMacron,GrSmUpsilon.sc
GrCapUpsilonWMacronDasia,GrSmUpsilon.sc
GrCapUpsilonWMacronDasiaOxia,GrSmUpsilon.sc
GrCapUpsilonWMacronDasiaVaria,GrSmUpsilon.sc
GrCapUpsilonWMacronDial,GrSmUpsilon.sc
GrCapUpsilonWMacronOxia,GrSmUpsilon.sc
GrCapUpsilonWMacronVaria,GrSmUpsilon.sc
GrCapUpsilonWOxia,GrSmUpsilon.sc
GrCapUpsilonWTonos,GrSmUpsilon.sc
GrCapUpsilonWVaria,GrSmUpsilon.sc
GrCapUpsilonWVrachy,GrSmUpsilon.sc
GrCapXi,GrSmXi.sc
GrCapYot,GrYot.sc
GrCapZeta,GrSmZeta.sc