GrDottedLunateSigma,GrDottedLunateSigma.sc
GrLunateSigma,GrLunateSigma.sc
GrRevDottedLunateSigma,GrRevDottedLunateSigma.sc
GrRevLunateSigma,GrRevLunateSigma.sc
GrSmAlpha,GrSmAlpha.sc
GrSmAlphaWDasia,GrSmAlpha.sc
GrSmAlphaWDasiaOxia,GrSmAlpha.sc
GrSmAlphaWDasiaOxiaYpo,GrSmAlphaWYpo.sc
GrSmAlphaWDasiaPeris,GrSmAlpha.sc
GrSmAlphaWDasiaPerisYpo,GrSmAlphaWYpo.sc
GrSmAlphaWDasiaVaria,GrSmAlpha.sc
GrSmAlphaWDasiaVariaYpo,GrSmAlphaWYpo.sc
GrSmAlphaWDasiaYpo,GrSmAlphaWYpo.sc
GrSmAlphaWMacron,GrSmAlpha.sc
GrSmAlphaWMacronDasia,GrSmAlpha.sc
GrSmAlphaWMacronDasiaOxia,GrSmAlpha.sc
GrSmAlphaWMacronDasiaVaria,GrSmAlpha.sc
GrSmAlphaWMacronDial,GrSmAlpha.sc
GrSmAlphaWMacronOxia,GrSmAlpha.sc
GrSmAlphaWMacronPsili,GrSmAlpha.sc
GrSmAlphaWMacronPsiliOxia,GrSmAlpha.sc
GrSmAlphaWMacronPsiliVaria,GrSmAlpha.sc
GrSmAlphaWMacronVaria,GrSmAlpha.sc
GrSmAlphaWOxia,GrSmAlpha.sc
GrSmAlphaWOxiaYpo,GrSmAlphaWYpo.sc
GrSmAlphaWPeris,GrSmAlpha.sc
GrSmAlphaWPerisYpo,GrSmAlphaWYpo.sc
GrSmAlphaWPsili,GrSmAlpha.sc
GrSmAlphaWPsiliOxia,GrSmAlpha.sc
GrSmAlphaWPsiliOxiaYpo,GrSmAlphaWYpo.sc
GrSmAlphaWPsiliPeris,GrSmAlpha.sc
GrSmAlphaWPsiliPerisYpo,GrSmAlphaWYpo.sc
GrSmAlphaWPsiliVaria,GrSmAlpha.sc
GrSmAlphaWPsiliVariaYpo,GrSmAlphaWYpo.sc
GrSmAlphaWPsiliYpo,GrSmAlphaWYpo.sc
GrSmAlphaWTonos,GrSmAlpha.sc
GrSmAlphaWVaria,GrSmAlpha.sc
GrSmAlphaWVariaYpo,GrSmAlphaWYpo.sc
GrSmAlphaWVrachy,GrSmAlpha.sc
GrSmAlphaWYpo,GrSmAlphaWYpo.sc
GrSmArchaicKoppa,GrSmArchaicKoppa.sc
GrSmArchaicSampi,GrSmArchaicSampi.sc
GrSmBeta,GrSmBeta.sc
GrSmChi,GrSmChi.sc
GrSmDelta,GrSmDelta.sc
GrSmDigamma,GrSmDigamma.sc
GrSmEpsilon,GrSmEpsilon.sc
GrSmEpsilonWDasia,GrSmEpsilon.sc
GrSmEpsilonWDasiaPeris,GrSmEpsilon.sc
GrSmEpsilonWDasiaVaria,GrSmEpsilon.sc
GrSmEpsilonWOxia,GrSmEpsilon.sc
GrSmEpsilonWPeris,GrSmEpsilon.sc
GrSmEpsilonWPsili,GrSmEpsilon.sc
GrSmEpsilonWPsiliOxia,GrSmEpsilon.sc
GrSmEpsilonWPsiliPeris,GrSmEpsilon.sc
GrSmEpsilonWPsiliVaria,GrSmEpsilon.sc
GrSmEpsilonWTonos,GrSmEpsilon.sc
GrSmEpsilonWVaria,GrSmEpsilon.sc
GrSmEta,GrSmEta.sc
GrSmEtaWDasia,GrSmEta.sc
GrSmEtaWDasiaOxia,GrSmEta.sc
GrSmEtaWDasiaOxiaYpo,GrSmEtaWYpo.sc
GrSmEtaWDasiaPeris,GrSmEta.sc
GrSmEtaWDasiaPerisYpo,GrSmEtaWYpo.sc
GrSmEtaWDasiaVaria,GrSmEta.sc
GrSmEtaWDasiaVariaYpo,GrSmEtaWYpo.sc
GrSmEtaWDasiaYpo,GrSmEtaWYpo.sc
GrSmEtaWOxia,GrSmEta.sc
GrSmEtaWOxiaYpo,GrSmEtaWYpo.sc
GrSmEtaWPeris,GrSmEta.sc
GrSmEtaWPerisYpo,GrSmEtaWYpo.sc
GrSmEtaWPsili,GrSmEta.sc
GrSmEtaWPsiliOxia,GrSmEta.sc
GrSmEtaWPsiliOxiaYpo,GrSmEtaWYpo.sc
GrSmEtaWPsiliPeris,GrSmEta.sc
GrSmEtaWPsiliPerisYpo,GrSmEtaWYpo.sc
GrSmEtaWPsiliVaria,GrSmEta.sc
GrSmEtaWPsiliVariaYpo,GrSmEtaWYpo.sc
GrSmEtaWPsiliYpo,GrSmEtaWYpo.sc
GrSmEtaWTonos,GrSmEta.sc
GrSmEtaWVaria,GrSmEta.sc
GrSmEtaWVariaYpo,GrSmEtaWYpo.sc
GrSmEtaWYpo,GrSmEtaWYpo.sc
GrSmFinSigma,GrSmSigma.sc
GrSmGamma,GrSmGamma.sc
GrSmHeta,GrSmHeta.sc
GrSmIota,GrSmIota.sc
GrSmIotaWDasia,GrSmIota.sc
GrSmIotaWDasiaOxia,GrSmIota.sc
GrSmIotaWDasiaPeris,GrSmIota.sc
GrSmIotaWDasiaVaria,GrSmIota.sc
GrSmIotaWDial,GrSmIotaWDial.sc
GrSmIotaWDialOxia,GrSmIotaWDial.sc
GrSmIotaWDialPeris,GrSmIotaWDial.sc
GrSmIotaWDialTonos,GrSmIotaWDial.sc
GrSmIotaWDialVaria,GrSmIotaWDial.sc
GrSmIotaWMacron,GrSmIota.sc
GrSmIotaWMacronDasia,GrSmIota.sc
GrSmIotaWMacronDasiaOxia,GrSmIota.sc
GrSmIotaWMacronDasiaVaria,GrSmIota.sc
GrSmIotaWMacronDial,GrSmIota.sc
GrSmIotaWMacronOxia,GrSmIota.sc
GrSmIotaWMacronPsili,GrSmIota.sc
GrSmIotaWMacronPsiliOxia,GrSmIota.sc
GrSmIotaWMacronPsiliVaria,GrSmIota.sc
GrSmIotaWMacronVaria,GrSmIota.sc
GrSmIotaWOxia,GrSmIota.sc
GrSmIotaWPeris,GrSmIota.sc
GrSmIotaWPsili,GrSmIota.sc
GrSmIotaWPsiliOxia,GrSmIota.sc
GrSmIotaWPsiliPeris,GrSmIota.sc
GrSmIotaWPsiliVaria,GrSmIota.sc
GrSmIotaWTonos,GrSmIota.sc
GrSmIotaWVaria,GrSmIota.sc
GrSmIotaWVrachy,GrSmIota.sc
GrSmKappa,GrSmKappa.sc
GrSmKoppa,GrSmKoppa.sc
GrSmLamda,GrSmLamda.sc
GrSmMu,GrSmMu.sc
GrSmNu,GrSmNu.sc
GrSmOmega,GrSmOmega.sc
GrSmOmegaWDasia,GrSmOmega.sc
GrSmOmegaWDasiaOxia,GrSmOmega.sc
GrSmOmegaWDasiaOxiaYpo,GrSmOmegaWYpo.sc
GrSmOmegaWDasiaPeris,GrSmOmega.sc
GrSmOmegaWDasiaPerisYpo,GrSmOmegaWYpo.sc
GrSmOmegaWDasiaVaria,GrSmOmega.sc
GrSmOmegaWDasiaVariaYpo,GrSmOmegaWYpo.sc
GrSmOmegaWDasiaYpo,GrSmOmegaWYpo.sc
GrSmOmegaWOxia,GrSmOmega.sc
GrSmOmegaWOxiaYpo,GrSmOmegaWYpo.sc
GrSmOmegaWPeris,GrSmOmega.sc
GrSmOmegaWPerisYpo,GrSmOmegaWYpo.sc
GrSmOmegaWPsili,GrSmOmega.sc
GrSmOmegaWPsiliOxia,GrSmOmega.sc
GrSmOmegaWPsiliOxiaYpo,GrSmOmegaWYpo.sc
GrSmOmegaWPsiliPeris,GrSmOmega.sc
GrSmOmegaWPsiliPerisYpo,GrSmOmegaWYpo.sc
GrSmOmegaWPsiliVaria,GrSmOmega.sc
GrSmOmegaWPsiliVariaYpo,GrSmOmegaWYpo.sc
GrSmOmegaWPsiliYpo,GrSmOmegaWYpo.sc
GrSmOmegaWTonos,GrSmOmega.sc
GrSmOmegaWVaria,GrSmOmega.sc
GrSmOmegaWVariaYpo,GrSmOmegaWYpo.sc
GrSmOmegaWYpo,GrSmOmegaWYpo.sc
GrSmOmicron,GrSmOmicron.sc
GrSmOmicronWDasia,GrSmOmicron.sc
GrSmOmicronWDasiaOxia,GrSmOmicron.sc
GrSmOmicronWDasiaPeris,GrSmOmicron.sc
GrSmOmicronWDasiaVaria,GrSmOmicron.sc
GrSmOmicronWOxia,GrSmOmicron.sc
GrSmOmicronWPeris,GrSmOmicron.sc
GrSmOmicronWPsili,GrSmOmicron.sc
GrSmOmicronWPsiliOxia,GrSmOmicron.sc
GrSmOmicronWPsiliPeris,GrSmOmicron.sc
GrSmOmicronWPsiliVaria,GrSmOmicron.sc
GrSmOmicronWTonos,GrSmOmicron.sc
GrSmOmicronWVaria,GrSmOmicron.sc
GrSmPamphylianDigamma,GrSmPamphylianDigamma.sc
GrSmPhi,GrSmPhi.sc
GrSmPi,GrSmPi.sc
GrSmPsi,GrSmPsi.sc
GrSmRho,GrSmRho.sc
GrSmRhoWDasia,GrSmRho.sc
GrSmRhoWPsili,GrSmRho.sc
GrSmSampi,GrSmSampi.sc
GrSmSan,GrSmSan.sc
GrSmSho,GrSmSho.sc
GrSmSigma,GrSmSigma.sc
GrSmStigma,GrSmStigma.sc
GrSmTau,GrSmTau.sc
GrSmTheta,GrSmTheta.sc
GrSmUpsilon,GrSmUpsilon.sc
GrSmUpsilonWDasia,GrSmUpsilon.sc
GrSmUpsilonWDasiaOxia,GrSmUpsilon.sc
GrSmUpsilonWDasiaPeris,GrSmUpsilon.sc
GrSmUpsilonWDasiaVaria,GrSmUpsilon.sc
GrSmUpsilonWDial,GrSmUpsilonWDial.sc
GrSmUpsilonWDialOxia,GrSmUpsilonWDial.sc
GrSmUpsilonWDialPeris,GrSmUpsilonWDial.sc
GrSmUpsilonWDialTonos,GrSmUpsilonWDial.sc
GrSmUpsilonWDialVaria,GrSmUpsilonWDial.sc
GrSmUpsilonWMacron,GrSmUpsilon.sc
GrSmUpsilonWMacronDasia,GrSmUpsilon.sc
GrSmUpsilonWMacronDasiaOxia,GrSmUpsilon.sc
GrSmUpsilonWMacronDasiaVaria,GrSmUpsilon.sc
GrSmUpsilonWMacronDial,GrSmUpsilonWDial.sc
GrSmUpsilonWMacronOxia,GrSmUpsilon.sc
GrSmUpsilonWMacronPsili,GrSmUpsilon.sc
GrSmUpsilonWMacronPsiliOxia,GrSmUpsilon.sc
GrSmUpsilonWMacronPsiliVaria,GrSmUpsilon.sc
GrSmUpsilonWMacronVaria,GrSmUpsilon.sc
GrSmUpsilonWOxia,GrSmUpsilon.sc
GrSmUpsilonWPeris,GrSmUpsilon.sc
GrSmUpsilonWPsili,GrSmUpsilon.sc
GrSmUpsilonWPsiliOxia,GrSmUpsilon.sc
GrSmUpsilonWPsiliPeris,GrSmUpsilon.sc
GrSmUpsilonWPsiliVaria,GrSmUpsilon.sc
GrSmUpsilonWTonos,GrSmUpsilon.sc
GrSmUpsilonWVaria,GrSmUpsilon.sc
GrSmUpsilonWVrachy,GrSmUpsilon.sc
GrSmXi,GrSmXi.sc
GrSmZeta,GrSmZeta.sc
GrYot,GrYot.sc